Kind,Name,MaxInheritanceTree,CountClassDerived,CountClassBase
Public Class,"controller.Comercial",1,0,2
Class,"controller.Comercial.obterListaProdutosNomeOrdenada.(Anon_1)",1,0,2
Class,"controller.Comercial.ordenarArrayListNome.(Anon_2)",1,0,2
Public Class,"error.SisComException",2,0,1
Public Class,"model.Cliente",2,0,2
Public Class,"model.Compra",1,0,2
Public Class,"model.Estatistica",1,0,2
Public Class,"model.Fornecedor",2,0,2
Public Class,"model.ItemCompra",1,0,2
Public Class,"model.ItemVenda",1,0,2
Public Abstract Class,"model.Pessoa",1,3,3
Public Class,"model.Produto",1,0,3
Class,"model.Produto.obterListaProdutosEstoqueMin.(Anon_1)",1,0,2
Public Class,"model.Venda",1,0,2
Public Class,"model.Vendedor",2,0,2
Public Class,"utilitarios.Console",1,0,1
Public Class,"utilitarios.CustomTransferHandler",2,0,1
Public Class,"utilitarios.InterfaceUtil",1,0,1
Class,"utilitarios.InterfaceUtil.addPopup.(Anon_1)",1,0,2
Public Class,"utilitarios.LtpLib",1,0,1
Public Class,"view.Colors",1,0,1
Public Class,"view.InterfaceBase",2,0,1
Class,"view.InterfaceBase.InterfaceBase.(Anon_1)",1,0,2
Class,"view.InterfaceBase.InterfaceBase.(Anon_10)",1,0,2
Class,"view.InterfaceBase.InterfaceBase.(Anon_11)",1,0,2
Class,"view.InterfaceBase.InterfaceBase.(Anon_12)",1,0,2
Class,"view.InterfaceBase.InterfaceBase.(Anon_2)",1,0,2
Class,"view.InterfaceBase.InterfaceBase.(Anon_3)",1,0,2
Class,"view.InterfaceBase.InterfaceBase.(Anon_4)",1,0,2
Class,"view.InterfaceBase.InterfaceBase.(Anon_5)",1,0,2
Class,"view.InterfaceBase.InterfaceBase.(Anon_6)",1,0,2
Class,"view.InterfaceBase.InterfaceBase.(Anon_7)",1,0,2
Class,"view.InterfaceBase.InterfaceBase.(Anon_8)",1,0,2
Class,"view.InterfaceBase.InterfaceBase.(Anon_9)",1,0,2
Public Class,"view.InterfaceComercial",1,0,1
Public Class,"view.InternalFrameVendaCliente",2,0,1
Class,"view.InternalFrameVendaCliente.InternalFrameVendaCliente.(Anon_1)",1,0,2
Class,"view.InternalFrameVendaCliente.InternalFrameVendaCliente.(Anon_2)",1,0,2
Class,"view.InternalFrameVendaCliente.InternalFrameVendaCliente.(Anon_3)",1,0,2
Class,"view.InternalFrameVendaCliente.InternalFrameVendaCliente.(Anon_4)",1,0,2
Class,"view.InternalFrameVendaCliente.InternalFrameVendaCliente.(Anon_5)",1,0,2
Public Class,"view.PanelClienteCenter",2,0,1
Class,"view.PanelClienteCenter.PanelClienteCenter.(Anon_1)",1,0,2
Class,"view.PanelClienteCenter.PanelClienteCenter.(Anon_2)",1,0,2
Class,"view.PanelClienteCenter.PanelClienteCenter.(Anon_3)",1,0,2
Class,"view.PanelClienteCenter.PanelClienteCenter.(Anon_4)",1,0,2
Class,"view.PanelClienteCenter.PanelClienteCenter.(Anon_5)",1,0,2
Class,"view.PanelClienteCenter.PanelClienteCenter.(Anon_6)",1,0,2
Class,"view.PanelClienteCenter.PanelClienteCenter.(Anon_7)",1,0,2
Class,"view.PanelClienteCenter.PanelClienteCenter.(Anon_8)",1,0,2
Class,"view.PanelClienteCenter.PanelClienteCenter.(Anon_9)",1,0,2
Public Class,"view.PanelFornecedorCenter",2,0,1
Class,"view.PanelFornecedorCenter.PanelFornecedorCenter.(Anon_1)",1,0,2
Class,"view.PanelFornecedorCenter.PanelFornecedorCenter.(Anon_10)",1,0,2
Class,"view.PanelFornecedorCenter.PanelFornecedorCenter.(Anon_11)",1,0,2
Class,"view.PanelFornecedorCenter.PanelFornecedorCenter.(Anon_12)",1,0,2
Class,"view.PanelFornecedorCenter.PanelFornecedorCenter.(Anon_13)",1,0,2
Class,"view.PanelFornecedorCenter.PanelFornecedorCenter.(Anon_14)",1,0,2
Class,"view.PanelFornecedorCenter.PanelFornecedorCenter.(Anon_15)",1,0,2
Class,"view.PanelFornecedorCenter.PanelFornecedorCenter.(Anon_16)",1,0,2
Class,"view.PanelFornecedorCenter.PanelFornecedorCenter.(Anon_2)",1,0,2
Class,"view.PanelFornecedorCenter.PanelFornecedorCenter.(Anon_3)",1,0,2
Class,"view.PanelFornecedorCenter.PanelFornecedorCenter.(Anon_4)",1,0,2
Class,"view.PanelFornecedorCenter.PanelFornecedorCenter.(Anon_5)",1,0,2
Class,"view.PanelFornecedorCenter.PanelFornecedorCenter.(Anon_6)",1,0,2
Class,"view.PanelFornecedorCenter.PanelFornecedorCenter.(Anon_7)",1,0,2
Class,"view.PanelFornecedorCenter.PanelFornecedorCenter.(Anon_8)",1,0,2
Class,"view.PanelFornecedorCenter.PanelFornecedorCenter.(Anon_9)",1,0,2
Public Class,"view.PanelProdutosCenter",2,0,1
Class,"view.PanelProdutosCenter.PanelProdutosCenter.(Anon_1)",1,0,2
Class,"view.PanelProdutosCenter.PanelProdutosCenter.(Anon_2)",1,0,2
Class,"view.PanelProdutosCenter.PanelProdutosCenter.(Anon_3)",1,0,2
Class,"view.PanelProdutosCenter.PanelProdutosCenter.(Anon_3).actionPerformed.(Anon_4)",1,0,2
Class,"view.PanelProdutosCenter.PanelProdutosCenter.(Anon_5)",1,0,2
Class,"view.PanelProdutosCenter.PanelProdutosCenter.(Anon_6)",1,0,2
Class,"view.PanelProdutosCenter.PanelProdutosCenter.(Anon_7)",1,0,2
Class,"view.PanelProdutosCenter.PanelProdutosCenter.(Anon_8)",1,0,2
Class,"view.PanelProdutosCenter.PanelProdutosCenter.(Anon_9)",1,0,2
Public Class,"view.PanelVendedorCenter",2,0,1
Class,"view.PanelVendedorCenter.PanelVendedorCenter.(Anon_1)",1,0,2
Class,"view.PanelVendedorCenter.PanelVendedorCenter.(Anon_10)",1,0,2
Class,"view.PanelVendedorCenter.PanelVendedorCenter.(Anon_11)",1,0,2
Class,"view.PanelVendedorCenter.PanelVendedorCenter.(Anon_12)",1,0,2
Class,"view.PanelVendedorCenter.PanelVendedorCenter.(Anon_2)",1,0,2
Class,"view.PanelVendedorCenter.PanelVendedorCenter.(Anon_3)",1,0,2
Class,"view.PanelVendedorCenter.PanelVendedorCenter.(Anon_4)",1,0,2
Class,"view.PanelVendedorCenter.PanelVendedorCenter.(Anon_5)",1,0,2
Class,"view.PanelVendedorCenter.PanelVendedorCenter.(Anon_6)",1,0,2
Class,"view.PanelVendedorCenter.PanelVendedorCenter.(Anon_7)",1,0,2
Class,"view.PanelVendedorCenter.PanelVendedorCenter.(Anon_8)",1,0,2
Class,"view.PanelVendedorCenter.PanelVendedorCenter.(Anon_9)",1,0,2
