Kind,Name,CountClassCoupled
Public Class,"controller.Comercial",13
Class,"controller.Comercial.obterListaProdutosNomeOrdenada.(Anon_1)",1
Class,"controller.Comercial.ordenarArrayListNome.(Anon_2)",1
Public Class,"error.SisComException",0
Public Class,"model.Cliente",3
Public Class,"model.Compra",2
Public Class,"model.Estatistica",0
Public Class,"model.Fornecedor",2
Public Class,"model.ItemCompra",1
Public Class,"model.ItemVenda",1
Public Abstract Class,"model.Pessoa",2
Public Class,"model.Produto",3
Class,"model.Produto.obterListaProdutosEstoqueMin.(Anon_1)",1
Public Class,"model.Venda",4
Public Class,"model.Vendedor",4
Public Class,"utilitarios.Console",0
Public Class,"utilitarios.CustomTransferHandler",3
Public Class,"utilitarios.InterfaceUtil",0
Class,"utilitarios.InterfaceUtil.addPopup.(Anon_1)",1
Public Class,"utilitarios.LtpLib",1
Public Class,"view.Colors",0
Public Class,"view.InterfaceBase",6
Class,"view.InterfaceBase.InterfaceBase.(Anon_1)",1
Class,"view.InterfaceBase.InterfaceBase.(Anon_10)",1
Class,"view.InterfaceBase.InterfaceBase.(Anon_11)",1
Class,"view.InterfaceBase.InterfaceBase.(Anon_12)",1
Class,"view.InterfaceBase.InterfaceBase.(Anon_2)",1
Class,"view.InterfaceBase.InterfaceBase.(Anon_3)",2
Class,"view.InterfaceBase.InterfaceBase.(Anon_4)",1
Class,"view.InterfaceBase.InterfaceBase.(Anon_5)",2
Class,"view.InterfaceBase.InterfaceBase.(Anon_6)",1
Class,"view.InterfaceBase.InterfaceBase.(Anon_7)",2
Class,"view.InterfaceBase.InterfaceBase.(Anon_8)",2
Class,"view.InterfaceBase.InterfaceBase.(Anon_9)",1
Public Class,"view.InterfaceComercial",12
Public Class,"view.InternalFrameVendaCliente",11
Class,"view.InternalFrameVendaCliente.InternalFrameVendaCliente.(Anon_1)",7
Class,"view.InternalFrameVendaCliente.InternalFrameVendaCliente.(Anon_2)",7
Class,"view.InternalFrameVendaCliente.InternalFrameVendaCliente.(Anon_3)",1
Class,"view.InternalFrameVendaCliente.InternalFrameVendaCliente.(Anon_4)",0
Class,"view.InternalFrameVendaCliente.InternalFrameVendaCliente.(Anon_5)",2
Public Class,"view.PanelClienteCenter",7
Class,"view.PanelClienteCenter.PanelClienteCenter.(Anon_1)",3
Class,"view.PanelClienteCenter.PanelClienteCenter.(Anon_2)",2
Class,"view.PanelClienteCenter.PanelClienteCenter.(Anon_3)",7
Class,"view.PanelClienteCenter.PanelClienteCenter.(Anon_4)",7
Class,"view.PanelClienteCenter.PanelClienteCenter.(Anon_5)",3
Class,"view.PanelClienteCenter.PanelClienteCenter.(Anon_6)",2
Class,"view.PanelClienteCenter.PanelClienteCenter.(Anon_7)",3
Class,"view.PanelClienteCenter.PanelClienteCenter.(Anon_8)",3
Class,"view.PanelClienteCenter.PanelClienteCenter.(Anon_9)",2
Public Class,"view.PanelFornecedorCenter",12
Class,"view.PanelFornecedorCenter.PanelFornecedorCenter.(Anon_1)",4
Class,"view.PanelFornecedorCenter.PanelFornecedorCenter.(Anon_10)",1
Class,"view.PanelFornecedorCenter.PanelFornecedorCenter.(Anon_11)",2
Class,"view.PanelFornecedorCenter.PanelFornecedorCenter.(Anon_12)",7
Class,"view.PanelFornecedorCenter.PanelFornecedorCenter.(Anon_13)",7
Class,"view.PanelFornecedorCenter.PanelFornecedorCenter.(Anon_14)",3
Class,"view.PanelFornecedorCenter.PanelFornecedorCenter.(Anon_15)",2
Class,"view.PanelFornecedorCenter.PanelFornecedorCenter.(Anon_16)",1
Class,"view.PanelFornecedorCenter.PanelFornecedorCenter.(Anon_2)",2
Class,"view.PanelFornecedorCenter.PanelFornecedorCenter.(Anon_3)",7
Class,"view.PanelFornecedorCenter.PanelFornecedorCenter.(Anon_4)",7
Class,"view.PanelFornecedorCenter.PanelFornecedorCenter.(Anon_5)",3
Class,"view.PanelFornecedorCenter.PanelFornecedorCenter.(Anon_6)",2
Class,"view.PanelFornecedorCenter.PanelFornecedorCenter.(Anon_7)",3
Class,"view.PanelFornecedorCenter.PanelFornecedorCenter.(Anon_8)",1
Class,"view.PanelFornecedorCenter.PanelFornecedorCenter.(Anon_9)",1
Public Class,"view.PanelProdutosCenter",5
Class,"view.PanelProdutosCenter.PanelProdutosCenter.(Anon_1)",1
Class,"view.PanelProdutosCenter.PanelProdutosCenter.(Anon_2)",1
Class,"view.PanelProdutosCenter.PanelProdutosCenter.(Anon_3)",4
Class,"view.PanelProdutosCenter.PanelProdutosCenter.(Anon_3).actionPerformed.(Anon_4)",1
Class,"view.PanelProdutosCenter.PanelProdutosCenter.(Anon_5)",2
Class,"view.PanelProdutosCenter.PanelProdutosCenter.(Anon_6)",4
Class,"view.PanelProdutosCenter.PanelProdutosCenter.(Anon_7)",0
Class,"view.PanelProdutosCenter.PanelProdutosCenter.(Anon_8)",6
Class,"view.PanelProdutosCenter.PanelProdutosCenter.(Anon_9)",3
Public Class,"view.PanelVendedorCenter",8
Class,"view.PanelVendedorCenter.PanelVendedorCenter.(Anon_1)",2
Class,"view.PanelVendedorCenter.PanelVendedorCenter.(Anon_10)",1
Class,"view.PanelVendedorCenter.PanelVendedorCenter.(Anon_11)",3
Class,"view.PanelVendedorCenter.PanelVendedorCenter.(Anon_12)",2
Class,"view.PanelVendedorCenter.PanelVendedorCenter.(Anon_2)",3
Class,"view.PanelVendedorCenter.PanelVendedorCenter.(Anon_3)",1
Class,"view.PanelVendedorCenter.PanelVendedorCenter.(Anon_4)",7
Class,"view.PanelVendedorCenter.PanelVendedorCenter.(Anon_5)",1
Class,"view.PanelVendedorCenter.PanelVendedorCenter.(Anon_6)",1
Class,"view.PanelVendedorCenter.PanelVendedorCenter.(Anon_7)",1
Class,"view.PanelVendedorCenter.PanelVendedorCenter.(Anon_8)",2
Class,"view.PanelVendedorCenter.PanelVendedorCenter.(Anon_9)",3
